no;state;year;dpd_1;dpd_2;dpd;dpd_3;dpd_4
1;ALABAMA;1970;15032.67;35793.8;28418;1010.5;4.7
2;ALABAMA;1971;15501.94;37299.91;29375;1021.9;5.2
3;ALABAMA;1972;15972.41;38670.3;31303;1072.3;4.7
4;ALABAMA;1973;16406.26;40084.01;33430;1135.5;3.9
5;ALABAMA;1974;16762.67;42057.31;33749;1169.8;5.5
6;ALABAMA;1975;17316.26;43971.71;33604;1155.4;7.7
7;ALABAMA;1976;17732.86;50221.57;35764;1207;6.8
8;ALABAMA;1977;18111.93;51084.99;37463;1269.2;7.4
9;ALABAMA;1978;18479.74;52604.05;39964;1336.5;6.3
10;ALABAMA;1979;18881.49;54525.86;40979;1362;7.1
11;ALABAMA;1980;19012.34;56589.16;40380;1356.1;8.8
12;ALABAMA;1981;19118.52;56481.93;41105;1347.6;11
13;ALABAMA;1982;19118.25;58021.69;40328;1312.5;14
14;ALABAMA;1983;19122;58893.97;42245;1328.8;14
15;ALABAMA;1984;19257.47;59446.86;45118;1387.7;11
16;ALABAMA;1985;19433.36;60688.04;46849;1427.1;8.9
17;ALABAMA;1986;19723.37;61628.88;48409;1463.3;9.8
18;ARIZONA;1970;10148.42;23585.99;19288;547.4;4.4
19;ARIZONA;1971;10560.54;24924.82;21040;581.4;4.7
20;ARIZONA;1972;10977.53;26058.65;23289;646.3;4.2
21;ARIZONA;1973;11598.26;27304.64;25244;714.5;4.1
22;ARIZONA;1974;12129.06;28829.44;25698;746;5.6
23;ARIZONA;1975;12929.06;30243.29;24915;729.1;12
24;ARIZONA;1976;13603.89;29384.15;26041;758.7;9.8
25;ARIZONA;1977;14175.42;30072.6;28110;809.3;8.2
26;ARIZONA;1978;14812.04;31139.49;31062;895.4;6.1
27;ARIZONA;1979;15547.62;32377.41;33943;979.9;5.1
28;ARIZONA;1980;16344.9;33769.92;34708;1014;6.7
29;ARIZONA;1981;17088.3;36387.15;35244;1040.8;6.1
30;ARIZONA;1982;17650.57;37332.09;33603;1029.8;9.9
31;ARIZONA;1983;18108.24;37829.83;35963;1077.8;9.1
32;ARIZONA;1984;18792.09;38330.02;40010;1181.9;5
33;ARIZONA;1985;19414.85;39246.83;43350;1278.6;6.5
34;ARIZONA;1986;20212.42;44189.19;46058;1337.8;6.9
35;ARKANSAS;1970;7613.26;19749.63;15392;536.2;5
36;ARKANSAS;1971;7982.03;20636.47;16177;551;5.4
37;ARKANSAS;1972;8309.01;21245.48;17702;581.5;4.6
38;ARKANSAS;1973;8399.59;21654.02;18825;614.5;4.1
39;ARKANSAS;1974;8512.05;22635.84;19287;640.7;4.8
40;ARKANSAS;1975;8651.26;23519.27;19024;623.8;9.5
41;ARKANSAS;1976;8921.91;26158.59;20277;660;7.1
42;ARKANSAS;1977;9234.85;26716.93;21410;695.6;6.6
43;ARKANSAS;1978;9374.54;27428.45;23063;732.7;6.4
44;ARKANSAS;1979;9554.83;28394.22;23501;749.4;6.2
45;ARKANSAS;1980;9705.24;29476.51;23210;742.3;7.6
46;ARKANSAS;1981;9872.87;31235.95;24134;740.1;9.1
47;ARKANSAS;1982;9919.35;32008.74;23462;720.1;9.8
48;ARKANSAS;1983;9861.76;32385.62;24415;741.3;10
49;ARKANSAS;1984;9754.55;32625.51;26512;780.2;8.9
50;ARKANSAS;1985;9675.47;33229.46;27159;797.1;8.7
51;ARKANSAS;1986;9787.2;32889.3;28168;813.8;8.7
52;CALIFORNIA;1970;128545.36;172791.92;263933;6946.2;7.2
53;CALIFORNIA;1971;132263.33;180864.28;265600;6917;8.8
54;CALIFORNIA;1972;134451.52;187587.86;281159;7209.9;7.6
55;CALIFORNIA;1973;135988.4;193535.82;293735;7621.9;7
56;CALIFORNIA;1974;136827.29;204096.43;298408;7834.3;7.7
57;CALIFORNIA;1975;138487.39;213216.84;304518;7847.2;9.9
58;CALIFORNIA;1976;139514.18;221958.93;320160;8154.2;9.2
59;CALIFORNIA;1977;139910.22;226544.27;338040;8599.7;8.2
60;CALIFORNIA;1978;139408.84;233936.43;359603;9199.8;7.1
61;CALIFORNIA;1979;140217.32;243776.26;374928;9664.6;6.2
62;CALIFORNIA;1980;139776.97;255305.95;380221;9848.8;6.8
63;CALIFORNIA;1981;139662.44;286402.55;378436;9985.3;7.4
64;CALIFORNIA;1982;139232.39;297844.03;372541;9810.3;9.9
65;CALIFORNIA;1983;138535.66;305210.16;390528;9965.8;9.7
66;CALIFORNIA;1984;138101.55;312008.57;420525;10574;7.8
67;CALIFORNIA;1985;138170.93;324335.15;444082;10979;7.2
68;CALIFORNIA;1986;139042.68;363779.7;464550;11258;6.7
69;COLORADO;1970;11402.52;23709.75;25689;750.2;4.4
70;COLORADO;1971;11682.06;25186.8;27341;787;4
71;COLORADO;1972;12010.91;26010.17;29624;869.4;3.6
72;COLORADO;1973;12473.28;27387.44;32417;936;3.4
73;COLORADO;1974;12964.14;28763.31;33039;959.7;3.8
74;COLORADO;1975;13483.92;29939.43;33593;963.5;6.9
75;COLORADO;1976;14090.24;34680.9;35223;1003.4;5.9
76;COLORADO;1977;14736.89;35116.03;37429;1058.1;6.2
77;COLORADO;1978;15240.49;36213.58;40522;1150;5.6
78;COLORADO;1979;15711.11;37674.72;42917;1218;4.8
79;COLORADO;1980;16272.57;39349.98;43888;1251.1;5.9
80;COLORADO;1981;16692.71;45660.95;44695;1295.2;5.5
81;COLORADO;1982;17027.51;47010.56;45252;1316.6;7.7
82;COLORADO;1983;17388.99;47724.11;46523;1327.2;6.6
83;COLORADO;1984;17785.25;48372.91;49332;1402.3;5.6
84;COLORADO;1985;18327.11;49793.31;50820;1418.7;5.9
85;COLORADO;1986;18889.54;47485.05;51781;1408.3;7.4
86;CONNECTICUT;1970;15865.66;24082.38;38880;1197.5;5.6
87;CONNECTICUT;1971;16559.99;25147.44;38515;1164.3;8.9
88;CONNECTICUT;1972;17346.79;26191.58;40037;1190.4;8.2
89;CONNECTICUT;1973;17803.12;27301.99;42157;1238.7;5.7
90;CONNECTICUT;1974;18225.2;28832.91;41827;1264;6.2
91;CONNECTICUT;1975;18686.78;30306.1;39870;1223.4;9.1
92;CONNECTICUT;1976;18871.06;27628.42;41326;1239.7;9.5
93;CONNECTICUT;1977;18798.54;28268.33;42976;1282.3;7
94;CONNECTICUT;1978;18566.24;29207.04;44844;1346.1;5.3
95;CONNECTICUT;1979;18487.06;30449.45;46008;1398;5.1
96;CONNECTICUT;1980;18385.98;31844.08;45949;1426.8;5.9
97;CONNECTICUT;1981;18271.34;31895.65;47397;1438.7;6.2
98;CONNECTICUT;1982;18030.08;32967.44;47241;1429.8;6.9
99;CONNECTICUT;1983;17739.88;33668.53;50594;1446.5;6
100;CONNECTICUT;1984;17494.36;34439.31;55117;1520.5;4.6
101;CONNECTICUT;1985;17317.13;35816.37;58263;1562.3;4.9
102;CONNECTICUT;1986;17290.61;40413.22;61750;1604.2;3.8
103;DELAWARE;1970;4250.95;6108.14;6863;216.8;4.8
104;DELAWARE;1971;4405.91;6361.22;7399;224.9;5.7
105;DELAWARE;1972;4560.71;6602.65;7829;232.4;4.7
106;DELAWARE;1973;4725.12;6892.09;8604;239.4;4.6
107;DELAWARE;1974;4927.52;7263.84;7777;233.1;6
108;DELAWARE;1975;4988.37;7624.03;7625;229.9;9.7
109;DELAWARE;1976;4959.87;7706.19;8061;236.7;8.9
110;DELAWARE;1977;4958.47;7845.75;8313;238.8;8.4
111;DELAWARE;1978;4954.21;8100.95;8390;247.8;7.5
112;DELAWARE;1979;4936.91;8435.96;8360;256.7;8
113;DELAWARE;1980;4868.74;8811.38;8200;259.2;7.7
114;DELAWARE;1981;4825.97;9049.52;8344;259.2;7.9
115;DELAWARE;1982;4786.37;9327.72;8435;259.2;8.5
116;DELAWARE;1983;4768.17;9486.76;8883;266.1;8.1
117;DELAWARE;1984;4743.86;9630.61;9347;280;6.2
118;DELAWARE;1985;4731.49;9921.23;9699;293.4;5.3
119;DELAWARE;1986;4716.73;10655;10072;303.2;4.3
120;FLORIDA;1970;29696.86;57178.05;69641;2152.1;4.4
121;FLORIDA;1971;30683.09;60238.01;73170;2276.4;4.9
122;FLORIDA;1972;32089.12;62873.97;81313;2513.1;4.5
123;FLORIDA;1973;33480.99;66432.27;90897;2778.6;4.3
124;FLORIDA;1974;34650.29;70452.68;92163;2863.8;6.2
125;FLORIDA;1975;36103.75;73809.64;89502;2746.4;11
126;FLORIDA;1976;37942.61;87196.5;90957;2784.3;9
127;FLORIDA;1977;39393.89;88699.63;95449;2933.2;8.2
128;FLORIDA;1978;40859.4;91517.51;103064;3180.6;6.6
129;FLORIDA;1979;42107.13;95108.5;109121;3381.2;6
130;FLORIDA;1980;43192.98;99248.64;113857;3576.2;5.9
131;FLORIDA;1981;44311.68;108486.86;118145;3736;6.8
132;FLORIDA;1982;45492;111867.96;118301;3761.9;8.2
133;FLORIDA;1983;47116.82;113951.55;126322;3905.4;8.6
134;FLORIDA;1984;48538.98;116417.2;136572;4204.2;6.3
135;FLORIDA;1985;50336.63;120719.68;145171;4410;6
136;FLORIDA;1986;52309.37;135673.02;152269;4599.4;5.7
137;GEORGIA;1970;18270.44;41597.8;43105;1557.5;4.1
138;GEORGIA;1971;19275.62;43732.94;45438;1602.9;3.9
139;GEORGIA;1972;20167.45;45402.82;49402;1695.2;4.1
140;GEORGIA;1973;21015.05;47422.01;52824;1802.5;3.9
141;GEORGIA;1974;21882.27;49969.83;52390;1827.5;5
142;GEORGIA;1975;22713.54;52261.84;50900;1755.7;8.6
143;GEORGIA;1976;23556.37;56287.82;54469;1839.1;8.1
144;GEORGIA;1977;24124.15;56992.14;58085;1926.4;6.9
145;GEORGIA;1978;24622.13;58642.67;61607;2050.1;5.7
146;GEORGIA;1979;25631.2;60866.47;63825;2127.5;5.1
147;GEORGIA;1980;26685.37;63341.08;64216;2159.4;6.4
148;GEORGIA;1981;27546.85;67537.87;66352;2198.6;6.4
149;GEORGIA;1982;28209.03;69347.75;66766;2201.5;7.8
150;GEORGIA;1983;28996.86;70436.24;71485;2279.5;7.5
151;GEORGIA;1984;29702.75;71624.33;78797;2448.7;6
152;GEORGIA;1985;30068.26;73979.66;83461;2569.8;6.5
153;GEORGIA;1986;30991.33;83458.28;88827;2672.4;5.9
154;IDAHO;1970;3410.22;9202.07;7175;207.8;5.8
155;IDAHO;1971;3579.67;9488.47;7255;217.1;6.3
156;IDAHO;1972;3676.22;9756.4;7898;236.5;6.2
157;IDAHO;1973;3737.66;10251.95;8352;251.7;5.6
158;IDAHO;1974;3813.94;10725.66;8970;266.8;6
159;IDAHO;1975;3942.37;11134.59;9099;273;6.2
160;IDAHO;1976;4105.58;12401.79;9709;291;5.7
161;IDAHO;1977;4255.84;12498.22;9967;307.4;6.1
162;IDAHO;1978;4398.05;12813.38;10828;331.3;5.6
163;IDAHO;1979;4522.19;13264.09;10924;338;5.6
164;IDAHO;1980;4605.7;13771.17;11002;330;7.9
165;IDAHO;1981;4667.31;13808.97;10959;327.8;7.5
166;IDAHO;1982;4699.95;14020.3;10432;312.2;9.9
167;IDAHO;1983;4710.03;14028.64;10879;317.9;9.8
168;IDAHO;1984;4769.76;14049.02;11262;330.5;7.2
169;IDAHO;1985;4819.32;14290.67;11815;336;8
170;IDAHO;1986;4890.92;13612.16;11672;328.2;8.7
171;ILLINOIS;1970;52197.49;114860.83;145792;4345.6;4.1
172;ILLINOIS;1971;53805.62;119783.11;148503;4296.4;5.1
173;ILLINOIS;1972;55540.36;124239.59;154413;4314.8;5.1
174;ILLINOIS;1973;57288.3;129514.1;163125;4466.9;4.1
175;ILLINOIS;1974;58984.18;136292.35;161725;4545.7;4.5
176;ILLINOIS;1975;60139.25;142558.62;157366;4418.9;7.1
177;ILLINOIS;1976;61104.4;140831.43;163112;4565.7;6.5
178;ILLINOIS;1977;62200.83;146285.62;168627;4655.5;6.2
179;ILLINOIS;1978;63096.48;150855.46;173767;4788.8;6
180;ILLINOIS;1979;63642.81;156751.98;173817;4880;5.5
181;ILLINOIS;1980;64003.03;163355.48;165722;4850.3;8.3
182;ILLINOIS;1981;64549.3;150688.85;166029;4732.3;8.5
183;ILLINOIS;1982;65064.2;154806.13;159778;4593.3;11
184;ILLINOIS;1983;64751.99;157095.8;160856;4530.6;11
185;ILLINOIS;1984;64460.25;159388;173602;4672.3;9.1
186;ILLINOIS;1985;64487.38;164794.5;178493;4755.3;9
187;ILLINOIS;1986;64726.05;161198.99;183849;4790.7;8.1
188;INDIANA;1970;20813.65;63646.79;56769;1849;5
189;INDIANA;1971;21665.6;65528.57;58540;1841.1;5.7
190;INDIANA;1972;22368.04;67722.97;61613;1921.9;4.5
191;INDIANA;1973;23230.94;70189.83;66534;2028.1;4.2
192;INDIANA;1974;23652.3;73448.9;64313;2031.4;5.9
193;INDIANA;1975;23945.55;76823.26;61200;1941.7;8.6
194;INDIANA;1976;24259.12;74736.15;65479;2023.8;6.1
195;INDIANA;1977;24506.31;77477.95;68832;2114;5.7
196;INDIANA;1978;24639.62;79763.07;71717;2205.5;5.7
197;INDIANA;1979;24744.99;82742.13;72047;2236.3;6.4
198;INDIANA;1980;24799.68;86012.21;67930;2129.5;9.6
199;INDIANA;1981;24976.64;80364.43;68135;2114.4;10
200;INDIANA;1982;25108.79;82361.44;64042;2028;12
201;INDIANA;1983;24983.98;83359.59;65211;2029.5;11
202;INDIANA;1984;24835.6;83946.98;70975;2122.3;8.6
203;INDIANA;1985;24905.94;85849.71;73392;2168.6;7.9
204;INDIANA;1986;24924.85;87053.98;75924;2221.8;6.8
205;IOWA;1970;14728.51;33400.46;29173;876.9;3.7
206;IOWA;1971;15311.03;34819.44;29312;882.7;4.2
207;IOWA;1972;15657.48;35846.9;31159;912.3;3.6
208;IOWA;1973;16006.47;37693.89;33798;961.3;2.9
209;IOWA;1974;16159.2;39460.57;33591;999;3
210;IOWA;1975;16414.32;41068.52;34378;998.7;4.3
211;IOWA;1976;16766.52;43868.88;35752;1036.9;4
212;IOWA;1977;17166.76;46649.69;37277;1079.2;4
213;IOWA;1978;17407.43;47977.54;39087;1119.2;4
214;IOWA;1979;17722.68;49653.76;39863;1131.7;4.1
215;IOWA;1980;17928.92;51530.31;38919;1109.9;5.8
216;IOWA;1981;18050.52;47985.77;40630;1088.6;6.9
217;IOWA;1982;18141.76;48698.55;37634;1041.9;8.5
218;IOWA;1983;18240.5;48731.5;35937;1040.4;8.1
219;IOWA;1984;18203.48;48741.81;38704;1074.7;7
220;IOWA;1985;18288.61;49781.83;39344;1074.2;8
221;IOWA;1986;18436.18;43209.95;40425;1073.8;7
222;KANSAS;1970;11115.57;33207.74;26311;678.8;4.8
223;KANSAS;1971;11595.03;34117.09;26950;677.8;5.5
224;KANSAS;1972;11854.06;34862.71;28330;717.5;4
225;KANSAS;1973;12137.4;36179.12;29486;763.3;3.1
226;KANSAS;1974;12412.46;37588.65;29506;790;3.5
227;KANSAS;1975;12792.34;38828.22;29530;801.2;4.6
228;KANSAS;1976;13023.89;41282.58;30655;834.8;4.2
229;KANSAS;1977;13386.6;41246.04;31032;871;4.1
230;KANSAS;1978;13726.24;42277.86;32232;912.5;3
231;KANSAS;1979;14157.68;43689.61;33680;946.8;3.4
232;KANSAS;1980;14479.94;45281.71;32844;944.7;4.5
233;KANSAS;1981;14855.02;47858.83;33707;949.7;4.2
234;KANSAS;1982;15082.15;49569.38;33287;921.4;6.3
235;KANSAS;1983;15062.88;49688.66;33638;921.6;6.1
236;KANSAS;1984;15116.06;49959.27;35582;960.8;5.2
237;KANSAS;1985;15145.49;51037.85;36560;967.9;5
238;KANSAS;1986;15216.66;51347.26;37783;984.8;5.4
239;KENTUCKY;1970;16035.09;30525.64;32182;910.1;5
240;KENTUCKY;1971;16706.92;31822.72;33276;931.5;5.5
241;KENTUCKY;1972;17169.23;32994.5;35351;988.3;4.8
242;KENTUCKY;1973;17697.13;34039.58;37305;1038.6;4.4
243;KENTUCKY;1974;18263.75;35741.89;37458;1065.9;4.5
244;KENTUCKY;1975;18624.45;37366.28;36717;1057.6;7.3
245;KENTUCKY;1976;18945.26;41587.55;39138;1103.1;5.6
246;KENTUCKY;1977;19294.6;42985.92;41137;1148.3;4.7
247;KENTUCKY;1978;19572.86;44402.66;43098;1209.9;5.2
248;KENTUCKY;1979;19948.68;46082.95;44188;1245.4;5.6
249;KENTUCKY;1980;20585.01;47878.44;42637;1210;8
250;KENTUCKY;1981;21116.39;47983.96;43595;1196;8.4
251;KENTUCKY;1982;21308.34;49141.96;42286;1160.7;11
252;KENTUCKY;1983;21162.34;49720.78;42668;1152.3;12
253;KENTUCKY;1984;21032.34;50066.78;45998;1213.8;9.3
254;KENTUCKY;1985;21052.49;51135.28;46753;1250.3;9.5
255;KENTUCKY;1986;20959.34;51911.38;47502;1274.1;9.3
256;LOUISIANA;1970;19638.31;97802.38;62666;1033.6;6.6
257;LOUISIANA;1971;20066.64;99483.9;64851;1055.9;7
258;LOUISIANA;1972;20887.68;100299.59;67439;1128.6;6.1
259;LOUISIANA;1973;21408.2;101336.45;67100;1176.1;6
260;LOUISIANA;1974;21787.15;103761.88;64919;1220.8;6.7
261;LOUISIANA;1975;22175.86;106564.55;63128;1249.5;7.4
262;LOUISIANA;1976;22682.17;100358.47;66338;1314.4;6.8
263;LOUISIANA;1977;23389.41;102931.73;68209;1364.6;7
264;LOUISIANA;1978;24102.46;106574.97;72221;1463.5;7
265;LOUISIANA;1979;24446.12;111082.3;73681;1517.4;6.7
266;LOUISIANA;1980;24568.45;117127.42;75312;1578.9;6.7
267;LOUISIANA;1981;24789.76;117911.54;77342;1630.5;8.4
268;LOUISIANA;1982;25087;124453.54;75743;1607;10
269;LOUISIANA;1983;25422.96;128610.28;72535;1565.2;12
270;LOUISIANA;1984;25932.73;130129.72;75349;1601.5;10
271;LOUISIANA;1985;26477.79;133300.12;73777;1591.2;12
272;LOUISIANA;1986;26617.47;134624.42;68508;1518.5;13
273;MAINE;1970;3868.87;9305.13;8844;332.2;5.7
274;MAINE;1971;3999.86;9582.6;8958;332.3;7.6
275;MAINE;1972;4167.61;9906.21;9449;343.7;7
276;MAINE;1973;4272.26;10255.45;9949;354.8;5.9
277;MAINE;1974;4394.33;10747.95;9976;361.5;6.7
278;MAINE;1975;4529.86;11224.5;9672;356.9;10
279;MAINE;1976;4593.66;11017.15;10555;375.3;8.9
280;MAINE;1977;4662.84;11201.57;10916;387.8;8.4
281;MAINE;1978;4813.68;11494.06;11434;405.6;6.2
282;MAINE;1979;4931.13;11929.56;11765;415.9;7.2
283;MAINE;1980;4991.87;12404.6;11731;418.3;7.8
284;MAINE;1981;5009.05;11733.6;12013;419.2;7.2
285;MAINE;1982;4976.6;12095.07;12099;415.5;8.6
286;MAINE;1983;4952.99;12308.54;12813;425;9
287;MAINE;1984;4941.74;12475.82;13652;445.7;6.1
288;MAINE;1985;4942.55;12817.15;14238;458.4;5.4
289;MAINE;1986;4939.7;13919.23;15056;477.4;5.3
290;MARYLAND;1970;19145.01;29115.59;42971;1349.2;3.3
291;MARYLAND;1971;20023.61;30631.2;44111;1371.5;4.2
292;MARYLAND;1972;21126.69;31964.23;46121;1415;4.7
293;MARYLAND;1973;22060.79;33413.53;48728;1471.5;3.5
294;MARYLAND;1974;23017.84;35364.63;48514;1493.6;3.7
295;MARYLAND;1975;24189.5;37135.88;47751;1479.3;6.9
296;MARYLAND;1976;25322.85;35089.36;49228;1498.3;6.8
297;MARYLAND;1977;26238.15;35875.05;50507;1545.6;6.1
298;MARYLAND;1978;26910.22;37068.32;52317;1625.8;5.6
299;MARYLAND;1979;27644.44;38627.83;52804;1691.3;5.9
300;MARYLAND;1980;28081.96;40397.33;52361;1711.8;6.5
301;MARYLAND;1981;28715.84;40578.02;53231;1715.8;7.3
302;MARYLAND;1982;28850.43;41844.34;52583;1675.8;8.4
303;MARYLAND;1983;29101.83;42589.53;55323;1724.1;6.9
304;MARYLAND;1984;29214.12;43493.99;58925;1814;5.4
305;MARYLAND;1985;29451.52;45119.15;62179;1887.8;4.6
306;MARYLAND;1986;29577.46;49257.92;65408;1952;4.5
307;MASSACHUSETTS;1970;21923.28;37917.57;64429;2243.5;4.6
308;MASSACHUSETTS;1971;23177.83;39727.03;65276;2211.4;6.6
309;MASSACHUSETTS;1972;24385.09;41461.37;68096;2251.7;6.4
310;MASSACHUSETTS;1973;25765.21;43388.76;70876;2333.5;6.7
311;MASSACHUSETTS;1974;27100.33;45943.04;68955;2353.7;7.2
312;MASSACHUSETTS;1975;28204.28;48221.47;66448;2273.1;11
313;MASSACHUSETTS;1976;28752.82;45024.55;68467;2323.5;9.5
314;MASSACHUSETTS;1977;29171.97;46061.69;71258;2416;8.1
315;MASSACHUSETTS;1978;29202.12;47564.53;73575;2526.3;6.1
316;MASSACHUSETTS;1979;29455.5;49564.81;75180;2603.5;5.5
317;MASSACHUSETTS;1980;29999.21;51862.37;75289;2652.2;5.6
318;MASSACHUSETTS;1981;30166.12;54146.22;77490;2668.3;6.4
319;MASSACHUSETTS;1982;30190.87;55990.97;77166;2638;7.9
320;MASSACHUSETTS;1983;30221.77;57244.08;82489;2692.5;6.9
321;MASSACHUSETTS;1984;30352.69;58684.77;90684;2851.8;4.8
322;MASSACHUSETTS;1985;30497.51;61180.21;96698;2926;3.9
323;MASSACHUSETTS;1986;30795.56;69574.24;102279;2984.8;3.8
324;MICHIGAN;1970;44684.82;84755.95;102172;2999;6.7
325;MICHIGAN;1971;45993.77;87827.03;107116;2995;7.6
326;MICHIGAN;1972;46772.91;91039.26;113837;3118.9;7
327;MICHIGAN;1973;47923.55;94302.49;122991;3284.3;5.8
328;MICHIGAN;1974;48793.43;99072.42;115796;3277.6;8.7
329;MICHIGAN;1975;49789.59;103711.23;109217;3136.6;13
330;MICHIGAN;1976;50687.49;104330.83;119929;3283;9.4
331;MICHIGAN;1977;51302.34;106687.08;129279;3442.3;8.2
332;MICHIGAN;1978;51494.34;109995.68;135247;3609.4;6.9
333;MICHIGAN;1979;51707.36;114436.69;132845;3637.1;7.8
334;MICHIGAN;1980;51922.35;119398.08;121360;3442.8;12
335;MICHIGAN;1981;52276.4;112346.2;118356;3364.4;12
336;MICHIGAN;1982;51955.88;115911.34;108627;3193.3;16
337;MICHIGAN;1983;51305.62;118105.75;114259;3223.1;14
338;MICHIGAN;1984;50724.55;119778.97;123886;3381;11
339;MICHIGAN;1985;50392.79;123249.89;131417;3561.5;9.9
340;MICHIGAN;1986;49879.29;125148.83;136433;3657.3;8.8
341;MINNESOTA;1970;21948.43;43287.56;41734;1315.3;4.2
342;MINNESOTA;1971;23056.36;45132.89;42467;1310.2;4.4
343;MINNESOTA;1972;24023.53;46882.97;44123;1357.1;4.3
344;MINNESOTA;1973;24731.18;48841.94;47805;1436.1;4.4
345;MINNESOTA;1974;25333.93;51426.02;47482;1481;4.3
346;MINNESOTA;1975;25910.97;53798.39;46967;1474.4;5.9
347;MINNESOTA;1976;26485.99;49634.58;48795;1520.9;5.9
348;MINNESOTA;1977;27080.21;51784.08;51661;1597.3;5.1
349;MINNESOTA;1978;27464.67;53517.11;54138;1689.3;3.8
350;MINNESOTA;1979;27832.95;55679.83;56239;1767;4.2
351;MINNESOTA;1980;28055.27;58050.22;55874;1770.2;5.9
352;MINNESOTA;1981;28460.94;58041.33;56748;1761.3;5.5
353;MINNESOTA;1982;28590.72;59374.92;55919;1707.3;7.8
354;MINNESOTA;1983;28694.1;59871.42;57167;1718.4;8.2
355;MINNESOTA;1984;28718.02;60369.4;62730;1819.8;6.3
356;MINNESOTA;1985;28959.43;61935.21;65463;1864.8;6
357;MINNESOTA;1986;29241;60525.85;68117;1892.5;5.3
358;MISSISSIPPI;1970;10016.07;22569.14;17306;583.9;4.8
359;MISSISSIPPI;1971;10497.82;23557.96;18027;602.2;4.8
360;MISSISSIPPI;1972;10844.14;24157.5;19340;649.3;3.9
361;MISSISSIPPI;1973;11076.23;24473.04;20605;693.2;3.6
362;MISSISSIPPI;1974;11239.45;25485.57;20208;710.8;4.1
363;MISSISSIPPI;1975;11515.56;26426.83;20184;692.3;8.3
364;MISSISSIPPI;1976;11799.74;28130.16;22282;727.5;6.6
365;MISSISSIPPI;1977;12061.45;28447.98;23628;765.9;7.4
366;MISSISSIPPI;1978;12274.39;29243.06;24880;813.7;7.1
367;MISSISSIPPI;1979;12384.91;30326.78;25611;838.1;5.8
368;MISSISSIPPI;1980;12454.04;31541.4;25082;829.3;7.5
369;MISSISSIPPI;1981;12547.36;32193.92;26017;819.1;8.3
370;MISSISSIPPI;1982;12603.35;33198.66;25537;790.9;11
371;MISSISSIPPI;1983;12613.88;33751.34;25570;792.8;13
372;MISSISSIPPI;1984;12509.37;34052.06;27342;820.8;11
373;MISSISSIPPI;1985;12430.11;34822.24;27778;838.9;10
374;MISSISSIPPI;1986;12411.36;34116.19;27987;848.2;12
375;MISSOURI;1970;19464.98;43905.35;50196;1668;3.3
376;MISSOURI;1971;20393.17;46044.28;51945;1660.8;4.9
377;MISSOURI;1972;21288.19;47785.13;54198;1700.1;4.2
378;MISSOURI;1973;22079.1;49585.63;56789;1770.6;3.7
379;MISSOURI;1974;22475.35;52270.92;55056;1789.5;4.5
380;MISSOURI;1975;22839.32;54632.86;53932;1740.6;6.2
381;MISSOURI;1976;23032.56;54083.75;57183;1797.8;6.2
382;MISSOURI;1977;23236.14;55279.22;60424;1861.8;5.9
383;MISSOURI;1978;23393.53;56916.63;63375;1953.1;5
384;MISSOURI;1979;23545.2;59048.79;64333;2011.1;4.5
385;MISSOURI;1980;23670.64;61409.73;61574;1969.8;7.2
386;MISSOURI;1981;23947.15;61738.44;62540;1956.3;7.7
387;MISSOURI;1982;24084.48;63186.99;61226;1922.4;9.2
388;MISSOURI;1983;23957.04;63907.08;63655;1937;9.9
389;MISSOURI;1984;23782.61;64752.02;68490;2032.7;7.2
390;MISSOURI;1985;23761.7;66783.29;70830;2094.7;6.4
391;MISSOURI;1986;23855.97;68087.26;72629;2142.6;6.1
392;MONTANA;1970;4782.64;14320.39;7896;199.1;5.5
393;MONTANA;1971;4956.96;14461.39;7829;204.8;6.3
394;MONTANA;1972;5095.7;14730.06;8524;215.3;6.2
395;MONTANA;1973;5241.43;15347.47;8948;224.2;6.3
396;MONTANA;1974;5420.38;15871.08;9176;234;6.7
397;MONTANA;1975;5487.68;16347.55;9288;238.1;6.4
398;MONTANA;1976;5536.46;18140.99;9524;251.1;6.1
399;MONTANA;1977;5628.09;18199.92;9675;264.8;6.4
400;MONTANA;1978;5756.96;18653.37;10580;280.4;6.2
401;MONTANA;1979;5871.16;19264.06;10952;283.8;5.1
402;MONTANA;1980;5945.22;19941.84;11114;280.4;6.1
403;MONTANA;1981;6004.93;19265.48;11394;281.8;6.9
404;MONTANA;1982;6027.25;19724.98;11007;273.7;8.6
405;MONTANA;1983;5967.63;19877.97;10911;276;8.8
406;MONTANA;1984;5957.83;19888.7;10817;281.1;7.4
407;MONTANA;1985;6024.85;20199.1;10323;279.1;7.7
408;MONTANA;1986;6117.91;19414.55;10763;275.4;8.1
409;NEBRASKA;1970;9235.03;19160.51;16067;484.3;3.1
410;NEBRASKA;1971;9759.43;19747.34;16648;490.8;3.6
411;NEBRASKA;1972;10291.33;20268.79;17429;517;3.4
412;NEBRASKA;1973;10785.36;21324.54;18284;541.3;3.3
413;NEBRASKA;1974;11293.48;22286.74;18151;562.1;3.8
414;NEBRASKA;1975;11814.03;23106.64;18717;557.8;4.2
415;NEBRASKA;1976;12436.57;24592.23;19189;572.1;3.3
416;NEBRASKA;1977;12902.62;24992.27;19563;593.7;3.7
417;NEBRASKA;1978;13482.42;25629.4;20298;609.9;3
418;NEBRASKA;1979;14181.26;26477.07;20943;631.2;3.2
419;NEBRASKA;1980;14619.96;27424.29;20575;627.6;4.1
420;NEBRASKA;1981;14897.42;29177.88;21777;623.2;4.1
421;NEBRASKA;1982;15039.75;29566.74;21244;609.8;6.1
422;NEBRASKA;1983;15088.99;29555.66;20647;610.8;5.7
423;NEBRASKA;1984;15027.98;29573.43;22164;635.4;4.4
424;NEBRASKA;1985;14981.5;30189.6;23300;650.5;5.5
425;NEBRASKA;1986;14974.69;28468.92;23673;652.5;5
426;NEVADA;1970;3768.6;10805.73;7354;203.3;5.9
427;NEVADA;1971;3877.35;11252.01;7599;210.5;7
428;NEVADA;1972;4033.14;11706.31;8076;223.4;7
429;NEVADA;1973;4160.79;12261.06;8774;244.6;6.2
430;NEVADA;1974;4296.97;12901.95;8861;256.1;7.5
431;NEVADA;1975;4402.1;13377.1;9084;263.1;9.7
432;NEVADA;1976;4500.21;15048.03;9720;279.8;9
433;NEVADA;1977;4574.27;15231.21;10673;308.2;7
434;NEVADA;1978;4646.28;15437.13;12233;350.3;4.4
435;NEVADA;1979;4766.05;15781.26;13343;383.7;5.1
436;NEVADA;1980;4935.36;16264.91;13991;399.9;6.2
437;NEVADA;1981;5188.56;17556.21;14365;411.2;7.1
438;NEVADA;1982;5381.96;17981.16;13796;401.1;10
439;NEVADA;1983;5500.17;18297.17;14103;402.8;9.8
440;NEVADA;1984;5695;18813.07;14790;426;7.8
441;NEVADA;1985;5856.9;19705.62;15474;446.4;8
442;NEVADA;1986;6003;22724.26;16092;468.1;6
443;NEW_HAMPSHIRE;1970;3085.49;5957.55;6852;258.5;3.3
444;NEW_HAMPSHIRE;1971;3247.53;6436.54;7042;259.9;4.7
445;NEW_HAMPSHIRE;1972;3419.24;6680.89;7516;278.5;4.5
446;NEW_HAMPSHIRE;1973;3559.45;6965.5;8098;297.8;3.9
447;NEW_HAMPSHIRE;1974;3688.39;7332.32;8016;300.3;3.6
448;NEW_HAMPSHIRE;1975;3783.91;7671.07;7819;292.8;9
449;NEW_HAMPSHIRE;1976;3915.38;7536.15;8470;313.4;6.4
450;NEW_HAMPSHIRE;1977;4084.04;7674.13;9084;337.1;5.9
451;NEW_HAMPSHIRE;1978;4223.59;7886.88;10002;359.6;3.8
452;NEW_HAMPSHIRE;1979;4329.97;8200.74;10572;378.5;3.1
453;NEW_HAMPSHIRE;1980;4348.94;8562.82;10738;385.4;4.7
454;NEW_HAMPSHIRE;1981;4369.35;9134.69;11332;394.6;5
455;NEW_HAMPSHIRE;1982;4353.02;9412.72;11606;394.4;7.4
456;NEW_HAMPSHIRE;1983;4333.41;9575.38;12743;409.5;5.4
457;NEW_HAMPSHIRE;1984;4324.98;9751.27;14100;441.5;4.3
458;NEW_HAMPSHIRE;1985;4316.63;10057.05;15541;466;3.9
459;NEW_HAMPSHIRE;1986;4331.54;11863.55;17073;490.1;2.8
460;NEW_JERSEY;1970;24857.74;57996.4;86366;2606.2;4.6
461;NEW_JERSEY;1971;26627.68;59928.09;89073;2607.6;5.7
462;NEW_JERSEY;1972;28256.83;62437.39;93384;2672.5;5.8
463;NEW_JERSEY;1973;29544.99;65220.99;97847;2759.7;5.6
464;NEW_JERSEY;1974;30629.69;68911.99;94864;2783;6.9
465;NEW_JERSEY;1975;31830.65;72364.36;90693;2699.9;10
466;NEW_JERSEY;1976;32396.14;65688.1;94049;2753.7;10
467;NEW_JERSEY;1977;32775.77;67158.09;97370;2836.9;9.4
468;NEW_JERSEY;1978;33066.76;69360.18;101593;2961.9;7.2
469;NEW_JERSEY;1979;33268.6;72312.47;103350;3027.2;6.9
470;NEW_JERSEY;1980;33625.27;75670.48;102571;3060.4;7.2
471;NEW_JERSEY;1981;33794.24;77193.36;105835;3098.9;7.3
472;NEW_JERSEY;1982;34144.85;79782.27;106705;3092.8;9
473;NEW_JERSEY;1983;34320.27;81590.08;113408;3165.1;7.8
474;NEW_JERSEY;1984;34385.92;83749.02;121388;3329.2;6.2
475;NEW_JERSEY;1985;34528.53;87514.13;126460;3414.1;5.7
476;NEW_JERSEY;1986;34675.69;95540.08;133468;3489.9;5
477;NEW_MEXICO;1970;6082.2;18909.26;12837;292.6;5.9
478;NEW_MEXICO;1971;6195.5;19467.69;13284;305.7;6.2
479;NEW_MEXICO;1972;6238.49;19864.93;13874;327.5;5.8
480;NEW_MEXICO;1973;6326.03;20592.77;14588;346;5.7
481;NEW_MEXICO;1974;6367.27;21314.16;15247;360.2;6.3
482;NEW_MEXICO;1975;6447.38;21958.76;15541;370.2;10
483;NEW_MEXICO;1976;6606.97;23919.97;15932;390;9.1
484;NEW_MEXICO;1977;6724.71;24441.46;16932;415.4;7.8
485;NEW_MEXICO;1978;6786.25;25269.39;18122;444.3;5.7
486;NEW_MEXICO;1979;6902.83;26247.31;19078;461;6.6
487;NEW_MEXICO;1980;7104.7;27361.11;19664;465.4;7.5
488;NEW_MEXICO;1981;7296.53;26939.76;20265;475.5;7.3
489;NEW_MEXICO;1982;7402.21;28025.98;20023;473.6;9.2
490;NEW_MEXICO;1983;7634.64;28657.43;20283;479.5;10
491;NEW_MEXICO;1984;7904.32;28916.61;21331;502.8;7.5
492;NEW_MEXICO;1985;8228.31;29544.48;21741;520.2;8.8
493;NEW_MEXICO;1986;8483.37;30208.23;21154;525.9;9.2
494;NEW_YORK;1970;106893.49;136663.66;242791;7156.4;4.5
495;NEW_YORK;1971;110931.96;142795.91;245018;7011.4;6.6
496;NEW_YORK;1972;115957.66;149415.66;251249;7038.5;6.7
497;NEW_YORK;1973;121450.05;157017.53;258498;7132.2;5.4
498;NEW_YORK;1974;126498.16;166920.58;250208;7077.1;6.3
499;NEW_YORK;1975;131097.03;175080.71;242463;6829.9;9.5
500;NEW_YORK;1976;134166.03;153578.05;245161;6789.5;10
501;NEW_YORK;1977;134701.89;156804.67;251092;6857.6;9.1
502;NEW_YORK;1978;134632.83;162223.44;254194;7044.5;7.7
503;NEW_YORK;1979;134765.25;169324.73;254314;7179.4;7.1
504;NEW_YORK;1980;134166.71;177499.16;249770;7207.1;7.5
505;NEW_YORK;1981;133207.7;173471.27;256199;7287.3;7.6
506;NEW_YORK;1982;132189.18;179574.26;255686;7254.6;8.6
507;NEW_YORK;1983;131808.83;183921.34;267916;7313.3;8.6
508;NEW_YORK;1984;131365.12;189443.48;285080;7570.4;7.2
509;NEW_YORK;1985;131529.92;199426.84;296381;7751.3;6.5
510;NEW_YORK;1986;132203.02;199092.6;309273;7907.9;6.3
511;NORTH_CAROLINA;1970;16840;43497.41;48047;1782.7;4.3
512;NORTH_CAROLINA;1971;17688.47;46378.35;50127;1813.8;4.8
513;NORTH_CAROLINA;1972;18419.02;48129.87;54624;1911.9;4
514;NORTH_CAROLINA;1973;19081.72;49858.52;57975;2018.1;3.5
515;NORTH_CAROLINA;1974;19701.02;52460.28;57546;2048.2;4.5
516;NORTH_CAROLINA;1975;20334.13;54990.14;56288;1979.9;8.6
517;NORTH_CAROLINA;1976;21062.44;57959.71;59462;2082.7;6.2
518;NORTH_CAROLINA;1977;22029.51;59106.74;62681;2170.4;5.9
519;NORTH_CAROLINA;1978;22652;60848.16;66409;2277.4;4.3
520;NORTH_CAROLINA;1979;23305.83;63150.19;68039;2373;4.8
521;NORTH_CAROLINA;1980;24164.71;65641.48;68065;2380;6.6
522;NORTH_CAROLINA;1981;24576.1;67293.41;70395;2391.6;6.4
523;NORTH_CAROLINA;1982;24698.58;69071.06;69128;2347;9
524;NORTH_CAROLINA;1983;24700.31;70037.15;73553;2419.2;8.9
525;NORTH_CAROLINA;1984;24674.17;70834.5;80020;2565.2;6.7
526;NORTH_CAROLINA;1985;24744.19;72753.04;83170;2651.2;5.4
527;NORTH_CAROLINA;1986;25179.37;84000.92;87371;2744.1;5.3
528;NORTH_DAKOTA;1970;4173.07;11571.8;6024;163.6;4.6
529;NORTH_DAKOTA;1971;4226.31;11843.02;6551;167;5.3
530;NORTH_DAKOTA;1972;4302.57;12036.32;7015;176.1;4.9
531;NORTH_DAKOTA;1973;4330.52;12675.35;8120;183.9;5.1
532;NORTH_DAKOTA;1974;4404.4;13112.72;8000;193.8;3
533;NORTH_DAKOTA;1975;4458.28;13488.09;8267;203.6;3.6
534;NORTH_DAKOTA;1976;4492.23;15078.43;8167;215;3.6
535;NORTH_DAKOTA;1977;4573.94;15049.51;8077;221.1;4.8
536;NORTH_DAKOTA;1978;4628.15;15397.12;9020;234;4.8
537;NORTH_DAKOTA;1979;4704.64;15889.87;9562;244.2;3.7
538;NORTH_DAKOTA;1980;4798.61;16426.81;9525;245.2;5
539;NORTH_DAKOTA;1981;4888.2;20919.99;10532;249.4;5
540;NORTH_DAKOTA;1982;4893;21461.22;10293;249.7;5.9
541;NORTH_DAKOTA;1983;4929.21;21655.24;9700;250.6;5.6
542;NORTH_DAKOTA;1984;4929.23;21663.82;10043;252.5;5.1
543;NORTH_DAKOTA;1985;4968.32;22019.74;9884;252;5.9
544;NORTH_DAKOTA;1986;5014.77;21556.51;9806;249.9;6.3
545;OHIO;1970;48317.68;106396.06;121293;3880.7;5.4
546;OHIO;1971;50241.05;110274.99;122871;3839.6;6.5
547;OHIO;1972;51395.75;114219.33;128649;3938.4;5.5
548;OHIO;1973;52356.39;118487.46;137636;4112.9;4.3
549;OHIO;1974;52834.75;124345.66;134923;4169.4;5
550;OHIO;1975;53464.68;130164.06;127128;4016.2;9.1
551;OHIO;1976;54188.05;123122.24;133697;4094.6;7.8
552;OHIO;1977;54969.48;126663.68;140466;4230.1;6.5
553;OHIO;1978;55391.11;130514.81;146947;4394.9;5.4
554;OHIO;1979;56115.22;135552.69;147766;4484.8;5.9
555;OHIO;1980;56513.62;141143.03;140782;4367.4;8.4
556;OHIO;1981;56980.17;130138.76;141743;4317.7;9.6
557;OHIO;1982;57101.01;133828.4;134204;4124.3;13
558;OHIO;1983;56929.04;135942.45;137411;4092.5;12
559;OHIO;1984;56648.46;137605.78;147979;4260.2;9.4
560;OHIO;1985;56463.31;141449.34;152689;4372.9;8.9
561;OHIO;1986;56283.12;139129.61;156541;4471.4;8.1
562;OKLAHOMA;1970;11168.19;38990.92;33262;762.6;4.4
563;OKLAHOMA;1971;11478.15;40190.7;33879;774.4;4.9
564;OKLAHOMA;1972;11680.58;40932.34;35190;811.9;4.5
565;OKLAHOMA;1973;11832.9;41815.94;36333;851.9;4.2
566;OKLAHOMA;1974;12026.61;43288.99;36110;886.9;4.4
567;OKLAHOMA;1975;12396.49;44637.52;35967;899.7;7.2
568;OKLAHOMA;1976;12730.82;49044.39;37376;931.1;5.6
569;OKLAHOMA;1977;12979.01;49679.55;39235;971.5;5
570;OKLAHOMA;1978;13229.51;51180.23;41564;1035.7;3.9
571;OKLAHOMA;1979;13492.11;53110.66;43535;1087.9;3.4
572;OKLAHOMA;1980;13835.66;55318.19;44944;1138.1;4.8
573;OKLAHOMA;1981;14248.02;63264.52;47236;1201.2;3.6
574;OKLAHOMA;1982;14564.32;65824.58;48700;1216.9;5.7
575;OKLAHOMA;1983;14766.51;67358.6;46425;1170.6;9
576;OKLAHOMA;1984;15088.88;68096.06;47499;1180.3;7
577;OKLAHOMA;1985;15480.8;69848.25;47178;1165.3;7.1
578;OKLAHOMA;1986;15891.09;64625.86;45928;1124.4;8.2
579;OREGON;1970;11143.64;22546.05;22350;710.5;6.2
580;OREGON;1971;11481.58;23425.25;23280;729.1;6.6
581;OREGON;1972;11830.75;24286.22;25356;774.7;5.7
582;OREGON;1973;12150.51;25304.46;26976;816.2;5.3
583;OREGON;1974;12912.83;26641.39;27744;838.2;7.5
584;OREGON;1975;13214.8;27836.41;27474;837.4;11
585;OREGON;1976;13671.14;30422.64;29559;878.5;9.5
586;OREGON;1977;13976.13;31180.19;31397;936.9;7.4
587;OREGON;1978;14350.99;32072.2;33793;1009.2;6.1
588;OREGON;1979;14724.22;33272.01;35296;1056;6.8
589;OREGON;1980;15020.05;34618.64;34762;1044.6;8.3
590;OREGON;1981;15420.55;36469.81;33614;1018.7;9.9
591;OREGON;1982;15666.86;37341.17;31148;961.1;12
592;OREGON;1983;15743.83;37792.98;31899;966.7;11
593;OREGON;1984;15759.04;38276.78;33747;1006.9;9.4
594;OREGON;1985;15844.49;39308.4;34769;1030;8.8
595;OREGON;1986;15947.63;37419.6;35934;1058.5;8.5
596;PENNSYLVANIA;1970;50428.35;105738.93;129967;4351.6;4.5
597;PENNSYLVANIA;1971;53374.91;109965.27;130120;4291.3;5.4
598;PENNSYLVANIA;1972;56250.56;114031.51;136028;4400;5.4
599;PENNSYLVANIA;1973;58090.06;118691.16;142970;4506.5;4.8
600;PENNSYLVANIA;1974;59430.51;124688.11;140616;4514.6;5.1
601;PENNSYLVANIA;1975;60860.6;130578.37;135828;4435.8;8.3
602;PENNSYLVANIA;1976;61871.02;124414.86;140178;4512.8;7.9
603;PENNSYLVANIA;1977;62830.91;127274.82;144091;4565.2;7.7
604;PENNSYLVANIA;1978;62861.36;131212.42;148130;4716.2;6.9
605;PENNSYLVANIA;1979;62652.44;136305.43;149431;4806.1;6.9
606;PENNSYLVANIA;1980;62617.53;141870.43;145367;4753.1;7.8
607;PENNSYLVANIA;1981;62440.58;132965.78;146570;4728.9;8.4
608;PENNSYLVANIA;1982;62061.65;136800.58;141282;4580.1;11
609;PENNSYLVANIA;1983;61479.97;139072.15;143923;4524.3;12
610;PENNSYLVANIA;1984;61158.43;141054.14;151405;4654.8;9.1
611;PENNSYLVANIA;1985;60661.77;145339.04;155809;4730.3;8
612;PENNSYLVANIA;1986;60244.69;145433.99;160862;4790.9;6.8
613;RHODE_ISLAND;1970;4310.22;5437.28;9824;344.1;5.2
614;RHODE_ISLAND;1971;4451.24;5610.11;9849;342.8;6.8
615;RHODE_ISLAND;1972;4493.55;5845.79;10247;358.1;6.5
616;RHODE_ISLAND;1973;4498.12;6109.18;10496;365.9;6.2
617;RHODE_ISLAND;1974;4490.52;6470.03;9888;367;7.3
618;RHODE_ISLAND;1975;4463.83;6799.79;9433;349.2;11
619;RHODE_ISLAND;1976;4437.89;6123.78;9968;366.7;8.1
620;RHODE_ISLAND;1977;4443.85;6286.71;10323;381.7;8.6
621;RHODE_ISLAND;1978;4442.7;6499.15;10610;395.8;6.6
622;RHODE_ISLAND;1979;4430.52;6803.93;10734;400;6.6
623;RHODE_ISLAND;1980;4411.81;7154.94;10518;398.3;7.2
624;RHODE_ISLAND;1981;4396.28;7057.35;10848;401.4;7.6
625;RHODE_ISLAND;1982;4342.85;7323.77;10592;390.5;10
626;RHODE_ISLAND;1983;4302.36;7503.27;11022;396.3;8.3
627;RHODE_ISLAND;1984;4251.45;7684.1;12011;416.4;5.3
628;RHODE_ISLAND;1985;4230.74;8001.04;12572;429.2;4.9
629;RHODE_ISLAND;1986;4254.36;8191.84;13283;442.5;4
630;SOUTH_CAROLINA;1970;8250.43;24322.74;20924;842;5
631;SOUTH_CAROLINA;1971;8694.41;26387.6;21626;862.6;5.3
632;SOUTH_CAROLINA;1972;9115.22;27298.7;23156;920.3;4.2
633;SOUTH_CAROLINA;1973;9554.06;28224.77;24919;984;3.7
634;SOUTH_CAROLINA;1974;10014.14;29549.55;25153;1015.8;4.5
635;SOUTH_CAROLINA;1975;10637.46;30901.75;24483;982.6;8.7
636;SOUTH_CAROLINA;1976;11097.59;34992.84;26304;1038.1;6.9
637;SOUTH_CAROLINA;1977;11500.56;35544.29;27791;1081.7;7.2
638;SOUTH_CAROLINA;1978;11653.18;36518.61;29587;1137.5;5.7
639;SOUTH_CAROLINA;1979;11911.5;37807.33;30989;1176;5
640;SOUTH_CAROLINA;1980;12263.76;39198.08;31303;1188.8;6.9
641;SOUTH_CAROLINA;1981;12577.08;40311.84;32533;1196.4;8.4
642;SOUTH_CAROLINA;1982;12972.01;41342.05;31940;1162.3;11
643;SOUTH_CAROLINA;1983;13110.97;41914.56;33914;1189;10
644;SOUTH_CAROLINA;1984;13172.84;42318.87;36736;1262.5;7.1
645;SOUTH_CAROLINA;1985;13211.81;43299.52;37687;1296.2;6.8
646;SOUTH_CAROLINA;1986;13391.24;48248.27;39281;1338;6.2
647;SOUTH_DAKOTA;1970;4173.17;9202.46;5864;175.4;3.3
648;SOUTH_DAKOTA;1971;4261.98;9436.08;6065;179;3.7
649;SOUTH_DAKOTA;1972;4333.46;9688.61;6481;189.9;3.7
650;SOUTH_DAKOTA;1973;4407.53;10017.65;7048;199.1;3.3
651;SOUTH_DAKOTA;1974;4501.83;10458.03;6936;206.6;3.5
652;SOUTH_DAKOTA;1975;4630.2;10832.66;7154;209.3;3.7
653;SOUTH_DAKOTA;1976;4732.91;11153.46;6922;218.6;3.4
654;SOUTH_DAKOTA;1977;4840.82;11058.96;7411;226.6;3.3
655;SOUTH_DAKOTA;1978;4895.63;11324.24;7800;236.6;3
656;SOUTH_DAKOTA;1979;4998.02;11686.06;8164;241.4;3.5
657;SOUTH_DAKOTA;1980;5067.5;12084.49;7841;238;4.9
658;SOUTH_DAKOTA;1981;5125.45;11911.36;8009;236;5.1
659;SOUTH_DAKOTA;1982;5178.56;12036.85;7835;230.2;5.5
660;SOUTH_DAKOTA;1983;5162.24;11996.73;7660;235.3;5.4
661;SOUTH_DAKOTA;1984;5146.61;11982.06;8200;247;4.3
662;SOUTH_DAKOTA;1985;5148.18;12209.44;8418;249.4;5.1
663;SOUTH_DAKOTA;1986;5281.22;11305.15;8760;251.9;4.7
664;TENNESSE;1970;20949.51;38417.96;34769;1327.6;4.8
665;TENNESSE;1971;21687.41;40374.38;36771;1356.8;5
666;TENNESSE;1972;22448.25;41983.03;40403;1450.1;3.6
667;TENNESSE;1973;22886.75;43491.51;43424;1531.1;3
668;TENNESSE;1974;23184.46;45836.89;43052;1558.2;3.9
669;TENNESSE;1975;23972.49;48060.68;42098;1505.7;8.3
670;TENNESSE;1976;24632.07;51076.68;45309;1575.4;6
671;TENNESSE;1977;25153.79;52181.92;47941;1648.1;6.3
672;TENNESSE;1978;25444.07;53812.7;51630;1737;5.8
673;TENNESSE;1979;25820.64;55904.1;52759;1777.3;5.8
674;TENNESSE;1980;26011.9;58207.51;51810;1746.6;7.3
675;TENNESSE;1981;26321.05;58678.19;52804;1755.4;9.1
676;TENNESSE;1982;26467.14;60244.5;51967;1703;12
677;TENNESSE;1983;26394.65;61160.01;54217;1719;12
678;TENNESSE;1984;26261.07;62031.97;58810;1812;8.6
679;TENNESSE;1985;26236.06;63885.31;61337;1867.8;8
680;TENNESSE;1986;26281.46;65065.24;64124;1929.8;8
681;TEXAS;1970;53639.88;213676.41;160922;3624.9;4.4
682;TEXAS;1971;55700.45;220715.86;164088;3683.5;4.9
683;TEXAS;1972;57213.27;224933.82;172360;3884.4;4.5
684;TEXAS;1973;59134.01;229705.43;183467;4141.7;3.9
685;TEXAS;1974;60974.12;237780.47;189079;4360.2;4.3
686;TEXAS;1975;62734.61;245917.64;193920;4462.9;5.6
687;TEXAS;1976;64422.93;270830.23;205542;4683.7;5.7
688;TEXAS;1977;65863.92;274770.61;218733;4906.8;5.3
689;TEXAS;1978;67133.78;283942.5;232319;5271.6;4.8
690;TEXAS;1979;69034.04;295486.62;240424;5601.8;4.2
691;TEXAS;1980;71409.31;308526.88;244359;5851.2;5.2
692;TEXAS;1981;74168.05;334167.45;254691;6180;5.3
693;TEXAS;1982;76260.44;349440.59;254508;6263.4;6.9
694;TEXAS;1983;78159.02;359069.09;257245;6193.6;8
695;TEXAS;1984;80067.98;364324.47;273685;6492.4;5.9
696;TEXAS;1985;82196.09;375341.6;283388;6663.1;7
697;TEXAS;1986;84303.17;362209.94;276313;6564.2;8.9
698;UTAH;1970;6494.16;11252.62;10750;357;6.1
699;UTAH;1971;6666.03;11621.13;11242;369.3;6.4
700;UTAH;1972;6773.32;11981.62;12083;393;6.1
701;UTAH;1973;6928.74;12493.5;12850;414.8;5.7
702;UTAH;1974;7072.53;13079.28;13267;434.1;5.9
703;UTAH;1975;7239.52;13616.96;13482;440.3;6.5
704;UTAH;1976;7373.63;16090.73;14315;462.8;5.7
705;UTAH;1977;7547.71;16584.22;15324;488.7;5.3
706;UTAH;1978;7716.92;17142.71;16611;525.4;3.8
707;UTAH;1979;7893.14;17874.79;17291;548.4;4.3
708;UTAH;1980;8057.45;18707.02;17639;550.8;6.3
709;UTAH;1981;8334.41;19165.89;18093;558;6.7
710;UTAH;1982;8606.09;19798.38;17892;560.9;7.8
711;UTAH;1983;8908.45;20132.57;18570;566.9;9.2
712;UTAH;1984;9453.63;20339.64;20177;601.2;6.5
713;UTAH;1985;10311.4;20850.77;20920;624.3;5.9
714;UTAH;1986;11392;22757.3;21193;634.1;6
715;VERMONT;1970;2627.12;4052.71;4354;147.9;4.9
716;VERMONT;1971;2756.19;4250.3;4438;148.1;6.8
717;VERMONT;1972;2894.58;4402.86;4611;153.6;6.5
718;VERMONT;1973;2967.25;4577.6;4801;161.3;5.6
719;VERMONT;1974;3025.15;4806.48;4652;162.8;6.9
720;VERMONT;1975;3083.07;5017.84;4528;162.1;9.4
721;VERMONT;1976;3075.61;4790.14;4760;168.4;8.7
722;VERMONT;1977;3055.26;4805.94;4913;178.4;7
723;VERMONT;1978;3019.42;4926.2;5363;190.6;5.9
724;VERMONT;1979;3020.06;5105.86;5569;197.9;5.1
725;VERMONT;1980;3032.36;5308.11;5634;200.1;6.4
726;VERMONT;1981;3016.79;5514.75;5875;204.3;5.7
727;VERMONT;1982;2983.19;5671.16;5871;202.9;6.9
728;VERMONT;1983;2950.98;5756.72;6261;206.4;6.9
729;VERMONT;1984;2927.85;5832.7;6669;214.9;5.2
730;VERMONT;1985;2925.39;6001.79;7142;224.7;4.8
731;VERMONT;1986;2936.44;6939.39;7585;234.4;4.7
732;VIRGINIA;1970;20732.56;34706.84;48269;1518.9;3.4
733;VIRGINIA;1971;21582.28;36795.57;50049;1567.2;3.6
734;VIRGINIA;1972;22348.28;38243.38;52927;1655.2;3.6
735;VIRGINIA;1973;22927;39992.09;56762;1753.4;3.6
736;VIRGINIA;1974;23570.72;42155.45;57441;1804.3;4
737;VIRGINIA;1975;24524.64;44147.96;57290;1778.7;6.4
738;VIRGINIA;1976;25440.39;48475.72;60122;1848.1;5.9
739;VIRGINIA;1977;26020.05;49402.95;63151;1930.4;5.3
740;VIRGINIA;1978;26621.8;50991.39;66445;2033.5;5.4
741;VIRGINIA;1979;27058.08;53106.81;68123;2115;4.7
742;VIRGINIA;1980;27606.76;55464.07;68787;2157.2;5
743;VIRGINIA;1981;27993.19;57163.94;70711;2160.8;6.1
744;VIRGINIA;1982;28206.71;58820.49;70375;2146.4;7.7
745;VIRGINIA;1983;28109.5;59774.36;74360;2206.9;6.1
746;VIRGINIA;1984;28031.46;60756.37;79329;2333.3;5
747;VIRGINIA;1985;27922.62;62710.66;83143;2454.7;5.6
748;VIRGINIA;1986;28000.68;71355.78;88171;2557.7;5
749;WASHINGTON;1970;25751.49;37406.43;39224;1079.4;9.1
750;WASHINGTON;1971;26775.46;39258.7;38966;1064.5;10
751;WASHINGTON;1972;27853.91;40764.39;40535;1100.1;9.5
752;WASHINGTON;1973;28392.6;42227.19;43470;1152.3;7.7
753;WASHINGTON;1974;29137.6;44463.18;45385;1199.1;7.2
754;WASHINGTON;1975;29497.89;46519.96;46367;1225.7;9.5
755;WASHINGTON;1976;29997.51;50312.3;48697;1282.9;8.7
756;WASHINGTON;1977;30862.78;51506.38;51511;1367;8.8
757;WASHINGTON;1978;31968.1;52994.95;56875;1485.4;6.9
758;WASHINGTON;1979;33454.73;54907.23;60175;1581.2;6.8
759;WASHINGTON;1980;35106.09;57001.52;59796;1608.3;7.9
760;WASHINGTON;1981;36528;60190.96;58977;1612;9.5
761;WASHINGTON;1982;37941.5;61677.79;56745;1568.6;12
762;WASHINGTON;1983;39515.57;62465.52;58828;1586.1;11
763;WASHINGTON;1984;40454.47;63256.31;61507;1659.6;9.5
764;WASHINGTON;1985;40775.81;64929.03;63664;1710.4;8.1
765;WASHINGTON;1986;41136.36;66033.81;67158;1769.9;8.2
766;WEST_VIRGINIA;1970;6482.87;24310.26;18063;516.5;6.1
767;WEST_VIRGINIA;1971;7051.17;25312.77;18438;520;6.5
768;WEST_VIRGINIA;1972;7652.54;26202.33;19314;540.5;6.5
769;WEST_VIRGINIA;1973;8245.21;27227.32;19741;561.6;5.7
770;WEST_VIRGINIA;1974;8735.95;28458.57;19041;572.4;5.9
771;WEST_VIRGINIA;1975;9220.62;29691.14;19029;574.7;8.5
772;WEST_VIRGINIA;1976;9624.86;32491.78;20292;596.3;7.5
773;WEST_VIRGINIA;1977;9942.15;33448.52;21193;611.6;7.1
774;WEST_VIRGINIA;1978;10115.55;34622.97;22036;633.1;6.2
775;WEST_VIRGINIA;1979;10457.33;35916.4;22592;658.6;6.7
776;WEST_VIRGINIA;1980;10705.18;37252.5;22349;645.9;7.9
777;WEST_VIRGINIA;1981;10943.56;34681.29;22053;628.5;11
778;WEST_VIRGINIA;1982;11059.62;35504.01;21370;607.8;14
779;WEST_VIRGINIA;1983;11078.85;35932.73;20822;582.3;18
780;WEST_VIRGINIA;1984;11072.89;36068.2;21615;596.6;15
781;WEST_VIRGINIA;1985;11000.7;36549.44;21629;597.2;13
782;WEST_VIRGINIA;1986;10984.38;35781.74;21705;597.5;12
783;WISCONSIN;1970;23565.08;39311;45301;1530.4;3.9
784;WISCONSIN;1971;24271.67;40880.5;46505;1525.4;4.5
785;WISCONSIN;1972;24747.06;42260.97;48879;1580.8;4.2
786;WISCONSIN;1973;25226.91;43778.56;52062;1660.5;4.1
787;WISCONSIN;1974;25539.33;45934.43;51830;1703.4;4.6
788;WISCONSIN;1975;25799.34;47948.09;50930;1676.8;6.9
789;WISCONSIN;1976;25842.14;48872.43;53853;1725.9;5.6
790;WISCONSIN;1977;25945.01;50089.81;57055;1798.9;4.9
791;WISCONSIN;1978;25858.17;51469.93;59908;1887;5.1
792;WISCONSIN;1979;25885.94;53386.11;61689;1960.2;4.5
793;WISCONSIN;1980;25894.16;55505.34;60255;1938.1;7.2
794;WISCONSIN;1981;25984.74;54915.52;60815;1923.2;7.8
795;WISCONSIN;1982;26034.63;56262.51;59558;1866.7;11
796;WISCONSIN;1983;26289.52;56912.51;61053;1864.6;10
797;WISCONSIN;1984;26225.89;57440.23;65461;1949.2;7.3
798;WISCONSIN;1985;26304.98;58904.79;67469;1983.1;7.2
799;WISCONSIN;1986;26400.6;60241.65;70171;2023.9;7
800;WYOMING;1970;3674.01;14309.75;7924;108.3;4.5
801;WYOMING;1971;3701.91;14459.14;7504;111;4.5
802;WYOMING;1972;3701.91;14583.78;7807;117.3;4
803;WYOMING;1973;3722.93;14936.34;8067;126.1;3.5
804;WYOMING;1974;3732.09;15284.9;8831;136.5;3.6
805;WYOMING;1975;3772.46;15670;8949;146;4.2
806;WYOMING;1976;3884.01;19539.47;9057;156.5;4.1
807;WYOMING;1977;4037.03;19977.67;9779;170.5;3.6
808;WYOMING;1978;4115.61;20760.24;11038;187.4;3.3
809;WYOMING;1979;4268.71;21643.5;11988;200.7;2.8
810;WYOMING;1980;4399.69;22628.22;13027;210.2;4
811;WYOMING;1981;4572.67;26330.2;13717;223.5;4.1
812;WYOMING;1982;4731.98;27724.96;13056;217.7;5.8
813;WYOMING;1983;4950.82;28586.46;11922;202.5;8.4
814;WYOMING;1984;5184.73;28794.8;12073;204.3;6.3
815;WYOMING;1985;5448.38;29326.94;12022;206.9;7.1
816;WYOMING;1986;5700.41;27110.51;10870;196.3;9
